{
  "best_metric": 0.02971990779042244,
  "best_model_checkpoint": "hyena_model/checkpoint-1000",
  "epoch": 2.0,
  "eval_steps": 500,
  "global_step": 1000,
  "is_hyper_param_search": false,
  "is_local_process_zero": true,
  "is_world_process_zero": true,
  "log_history": [
    {
      "epoch": 1.0,
      "grad_norm": 2.3966448307037354,
      "learning_rate": 1.9e-05,
      "loss": 0.0522,
      "step": 500
    },
    {
      "epoch": 1.0,
      "eval_accuracy": 0.9858593195659265,
      "eval_f1": 0.7601802212843618,
      "eval_loss": 0.03708288446068764,
      "eval_precision": 0.7561480641043824,
      "eval_recall": 0.7642556119377312,
      "eval_runtime": 58.305,
      "eval_samples_per_second": 8.576,
      "eval_steps_per_second": 1.081,
      "step": 500
    },
    {
      "epoch": 2.0,
      "grad_norm": 3.233919620513916,
      "learning_rate": 1.8e-05,
      "loss": 0.0314,
      "step": 1000
    },
    {
      "epoch": 2.0,
      "eval_accuracy": 0.9900082052937597,
      "eval_f1": 0.8176615884997162,
      "eval_loss": 0.02971990779042244,
      "eval_precision": 0.8794719471947194,
      "eval_recall": 0.7639689229093203,
      "eval_runtime": 58.2743,
      "eval_samples_per_second": 8.58,
      "eval_steps_per_second": 1.081,
      "step": 1000
    }
  ],
  "logging_steps": 500,
  "max_steps": 10000,
  "num_input_tokens_seen": 0,
  "num_train_epochs": 20,
  "save_steps": 500,
  "total_flos": 1283560420746240.0,
  "train_batch_size": 8,
  "trial_name": null,
  "trial_params": null
}
